{"cameraMode":{"drawMode":0,"name":"Shaded","section":"Shading Mode"},"sceneLighting":true,"audioPlay":false,"sceneViewState":{"m_AlwaysRefresh":false,"showFog":true,"showSkybox":true,"showFlares":true,"showImageEffects":true,"showParticleSystems":true,"showVisualEffectGraphs":true,"m_FxEnabled":true},"in2DMode":false,"pivot":{"x":209.11416625976563,"y":126.7912368774414,"z":-230.58802795410157},"rotation":{"x":-0.24608474969863892,"y":0.08011597394943237,"z":-0.020583493635058404,"w":-0.9658104777336121},"size":6.222697734832764,"orthographic":false}