{"cameraMode":{"drawMode":0,"name":"Shaded","section":"Shading Mode"},"sceneLighting":true,"audioPlay":false,"sceneViewState":{"m_AlwaysRefresh":false,"showFog":true,"showSkybox":true,"showFlares":true,"showImageEffects":true,"showParticleSystems":true,"showVisualEffectGraphs":true,"m_FxEnabled":true},"in2DMode":false,"pivot":{"x":54.09981918334961,"y":-0.23843729496002198,"z":-91.95318603515625},"rotation":{"x":-0.03297331556677818,"y":0.7109537124633789,"z":-0.033473264425992969,"w":-0.7017379999160767},"size":52.68095016479492,"orthographic":false}