{"cameraMode":{"drawMode":0,"name":"Shaded","section":"Shading Mode"},"sceneLighting":true,"audioPlay":false,"sceneViewState":{"m_AlwaysRefresh":false,"showFog":true,"showSkybox":true,"showFlares":true,"showImageEffects":true,"showParticleSystems":true,"showVisualEffectGraphs":true,"m_FxEnabled":true},"in2DMode":false,"pivot":{"x":-59.213871002197269,"y":5.320587158203125,"z":-86.04842376708985},"rotation":{"x":0.24827629327774049,"y":0.02711884118616581,"z":-0.006952797994017601,"w":0.9682873487472534},"size":33.391639709472659,"orthographic":false}